,author,created_utc,id,num_comments,permalink,score,title,selftext,subreddit,selftext_clean,title_clean,selftext_ngrams,title_ngrams
714,ramenryo,2022-04-25 21:25:31,ubvy7q,0,/r/lactoseintolerant/comments/ubvy7q/am_i_partially_lactose_intolerant/,1,Am I partially lactose intolerant?,"Important info is that I’m Asian (where I’m from, up to 90% of the population is lactose intolerant) with a tiny percentage of European ancestry. I read that Europeans can pass on the lactose gene generations down so maybe this is why I can handle some dairy? I can handle drinking milk, eating ice cream, cheese, and yogurt, but the only time I have problems is when I digest sharp/aged cheese and some yogurts.",lactoseintolerant,"['important', 'info', 'asian', 'population', 'lactose', 'intolerant', 'tiny', 'percentage', 'european', 'ancestry', 'read', 'european', 'lactose', 'gene', 'generation', 'maybe', 'handle', 'dairy', 'handle', 'drinking', 'milk', 'eating', 'cream', 'cheese', 'yogurt', 'time', 'problem', 'digest', 'sharp/aged', 'cheese', 'yogurt']","['partially', 'lactose', 'intolerant']","['important', 'info', 'asian', 'population', 'lactose_intolerant', 'tiny_percentage', 'european', 'ancestry', 'read', 'european', 'lactose', 'gene', 'generation', 'maybe', 'handle', 'dairy', 'handle', 'drinking', 'milk', 'eating', 'cream', 'cheese', 'yogurt', 'time', 'problem', 'digest', 'sharp/aged', 'cheese', 'yogurt']","['partially', 'lactose_intolerant']"
1567,brownu95,2021-09-10 08:08:49,plgr3w,10,/r/lactoseintolerant/comments/plgr3w/if_lactose_intolerant_is_so_common_then_why_is/,1,If Lactose intolerant is so common then why is dairy such a common food item.,"Dairy is everywhere in our food from sauces, to creams, baked goods, ice cream, and even lactose is used as filler material for pills. I’m confused if the majority of the world is supposedly have some degree of lactose intolerant then how is dairy even common in countries that have lactose intolerant like Mongolia and parts of Asia. I’m Vietnamese and lactose intolerant yet condensed milk is popular condiment for coffee in Vietnam. I know some people develop gene to digest dairy like Northern European and some Africans but that doesn’t represent most of the population of the world.",lactoseintolerant,"['dairy', 'everywhere', 'food', 'sauce', 'cream', 'baked', 'good', 'cream', 'even', 'lactose', 'used', 'filler', 'material', 'pill', 'confused', 'majority', 'world', 'supposedly', 'degree', 'lactose', 'intolerant', 'dairy', 'even', 'common', 'country', 'lactose', 'intolerant', 'like', 'mongolia', 'part', 'asia', 'vietnamese', 'lactose', 'intolerant', 'condensed', 'milk', 'popular', 'condiment', 'coffee', 'vietnam', 'know', 'people', 'develop', 'gene', 'digest', 'dairy', 'like', 'northern', 'european', 'african', 'represent', 'population', 'world']","['lactose', 'intolerant', 'common', 'dairy', 'common', 'food', 'item']","['dairy', 'everywhere', 'food', 'sauce', 'cream', 'baked', 'good', 'cream', 'even', 'lactose', 'used', 'filler', 'material', 'pill', 'confused', 'majority', 'world', 'supposedly', 'degree', 'lactose_intolerant', 'dairy', 'even', 'common', 'country', 'lactose_intolerant', 'like', 'mongolia', 'part', 'asia', 'vietnamese', 'lactose_intolerant', 'condensed', 'milk', 'popular', 'condiment', 'coffee', 'vietnam', 'know', 'people', 'develop', 'gene', 'digest', 'dairy', 'like', 'northern', 'european', 'african', 'represent', 'population', 'world']","['lactose_intolerant', 'common', 'dairy', 'common', 'food', 'item']"
2195,innocuous-squid,2021-04-19 14:57:20,mu2etv,8,/r/lactoseintolerant/comments/mu2etv/am_i_lactose_intolerant_or_is_it_something_else/,1,Am I lactose intolerant or is it something else?,"Hello! I'm new to this subreddit so I'm not sure if this kind of post is usually allowed, but I have just been having so many stomach troubles lately and I want to get to the bottom of it. 

I am half Asian (mom's Korean) so I likely have some level of dairy intolerance. When I was in college I was vegan for a while and didn't have that many stomach troubles other than some occasional acid reflux and bloating (my dad also has occasional acid reflux, so this is all just my bad stomach genes at play). Now I am really just vegetarian but have had an increase in frequency of stomach pains. In the mornings, I notice I can have butter on toast and yogurt with granola and feel just fine, but in the evenings after dinner I am usually super bloated and have sharp stomach pains. This may be linked to cooking with butter or having meals with more dairy in them, but I am not 100% certain because I also get heartburn and acid reflux from having highly acidic foods (my grandma's Korean food) without any dairy in them. I don't drink any real milk, but I have tried lactose ""free"" milk with lactase in it and after having it 3 days in a row, I was very nauseous and have steered clear of that since. 

I just am confused as to why in the mornings it seems that I can have dairy products just fine but after dinner it's a whole different story. Is there such a thing as a sort of ""build-up"" effect with dairy intolerance? Does this just sound like lactose intolerance or could it be milk protein intolerance? If it seems like I can enjoy some dairy products, should I continue to eat them (I love cheese so much rip) or should I be cutting dairy out of my diet entirely? Should I see a GI or is this something they can't really help me with? Any advice is helpful, thanks so much &lt;3",lactoseintolerant,"['hello', 'subreddit', 'sure', 'kind', 'post', 'usually', 'allowed', 'many', 'stomach', 'trouble', 'lately', 'want', 'bottom', 'half', 'asian', 'korean', 'likely', 'level', 'dairy', 'intolerance', 'college', 'vegan', 'many', 'stomach', 'trouble', 'occasional', 'acid', 'reflux', 'bloating', 'also', 'occasional', 'acid', 'reflux', 'stomach', 'gene', 'play', 'really', 'vegetarian', 'increase', 'frequency', 'stomach', 'pain', 'morning', 'notice', 'butter', 'toast', 'yogurt', 'granola', 'feel', 'fine', 'evening', 'dinner', 'usually', 'super', 'bloated', 'sharp', 'stomach', 'pain', 'linked', 'cooking', 'butter', 'meal', 'dairy', 'certain', 'also', 'heartburn', 'acid', 'reflux', 'highly', 'acidic', 'food', 'grandma', 'korean', 'food', 'without', 'dairy', 'drink', 'real', 'milk', 'tried', 'lactose', 'free', 'milk', 'lactase', 'nauseous', 'steered', 'clear', 'since', 'confused', 'morning', 'seems', 'dairy', 'product', 'fine', 'dinner', 'whole', 'different', 'story', 'thing', 'sort', 'build-up', 'effect', 'dairy', 'intolerance', 'sound', 'like', 'lactose', 'intolerance', 'could', 'milk', 'protein', 'intolerance', 'seems', 'like', 'enjoy', 'dairy', 'product', 'continue', 'love', 'cheese', 'much', 'cutting', 'dairy', 'diet', 'entirely', 'something', 'really', 'help', 'advice', 'helpful', 'thanks', 'much']","['lactose', 'intolerant', 'something', 'else']","['hello', 'subreddit', 'sure', 'kind', 'post', 'usually', 'allowed', 'many', 'stomach', 'trouble', 'lately', 'want', 'bottom', 'half', 'asian', 'korean', 'likely', 'level', 'dairy', 'intolerance', 'college', 'vegan', 'many', 'stomach', 'trouble', 'occasional', 'acid', 'reflux', 'bloating', 'also', 'occasional', 'acid', 'reflux', 'stomach', 'gene', 'play', 'really', 'vegetarian', 'increase', 'frequency', 'stomach', 'pain', 'morning', 'notice', 'butter', 'toast', 'yogurt', 'granola', 'feel', 'fine', 'evening', 'dinner', 'usually', 'super', 'bloated', 'sharp', 'stomach', 'pain', 'linked', 'cooking', 'butter', 'meal', 'dairy', 'certain', 'also', 'heartburn', 'acid', 'reflux', 'highly', 'acidic', 'food', 'grandma', 'korean', 'food', 'without', 'dairy', 'drink', 'real', 'milk', 'tried', 'lactose', 'free', 'milk', 'lactase', 'nauseous', 'steered', 'clear', 'since', 'confused', 'morning', 'seems', 'dairy_product', 'fine', 'dinner', 'whole', 'different', 'story', 'thing', 'sort', 'build-up', 'effect', 'dairy', 'intolerance', 'sound_like', 'lactose_intolerance', 'could', 'milk', 'protein', 'intolerance', 'seems', 'like', 'enjoy', 'dairy_product', 'continue', 'love', 'cheese', 'much', 'cutting', 'dairy', 'diet', 'entirely', 'something', 'really', 'help', 'advice', 'helpful', 'thanks', 'much']","['lactose_intolerant', 'something_else']"
3147,ramenryo,2022-04-25 21:25:31,ubvy7q,0,/r/lactoseintolerant/comments/ubvy7q/am_i_partially_lactose_intolerant/,1,Am I partially lactose intolerant?,"Important info is that I’m Asian (where I’m from, up to 90% of the population is lactose intolerant) with a tiny percentage of European ancestry. I read that Europeans can pass on the lactose gene generations down so maybe this is why I can handle some dairy? I can handle drinking milk, eating ice cream, cheese, and yogurt, but the only time I have problems is when I digest sharp/aged cheese and some yogurts.",lactoseintolerant,"['important', 'info', 'asian', 'population', 'lactose', 'intolerant', 'tiny', 'percentage', 'european', 'ancestry', 'read', 'european', 'lactose', 'gene', 'generation', 'maybe', 'handle', 'dairy', 'handle', 'drinking', 'milk', 'eating', 'cream', 'cheese', 'yogurt', 'time', 'problem', 'digest', 'sharp/aged', 'cheese', 'yogurt']","['partially', 'lactose', 'intolerant']","['important', 'info', 'asian', 'population', 'lactose_intolerant', 'tiny_percentage', 'european', 'ancestry', 'read', 'european', 'lactose', 'gene', 'generation', 'maybe', 'handle', 'dairy', 'handle', 'drinking', 'milk', 'eating', 'cream', 'cheese', 'yogurt', 'time', 'problem', 'digest', 'sharp/aged', 'cheese', 'yogurt']","['partially', 'lactose_intolerant']"
4538,ramenryo,2022-04-25 21:25:31,ubvy7q,0,/r/lactoseintolerant/comments/ubvy7q/am_i_partially_lactose_intolerant/,1,Am I partially lactose intolerant?,"Important info is that I’m Asian (where I’m from, up to 90% of the population is lactose intolerant) with a tiny percentage of European ancestry. I read that Europeans can pass on the lactose gene generations down so maybe this is why I can handle some dairy? I can handle drinking milk, eating ice cream, cheese, and yogurt, but the only time I have problems is when I digest sharp/aged cheese and some yogurts.",lactoseintolerant,"['important', 'info', 'asian', 'population', 'lactose', 'intolerant', 'tiny', 'percentage', 'european', 'ancestry', 'read', 'european', 'lactose', 'gene', 'generation', 'maybe', 'handle', 'dairy', 'handle', 'drinking', 'milk', 'eating', 'cream', 'cheese', 'yogurt', 'time', 'problem', 'digest', 'sharp/aged', 'cheese', 'yogurt']","['partially', 'lactose', 'intolerant']","['important', 'info', 'asian', 'population', 'lactose_intolerant', 'tiny_percentage', 'european', 'ancestry', 'read', 'european', 'lactose', 'gene', 'generation', 'maybe', 'handle', 'dairy', 'handle', 'drinking', 'milk', 'eating', 'cream', 'cheese', 'yogurt', 'time', 'problem', 'digest', 'sharp/aged', 'cheese', 'yogurt']","['partially', 'lactose_intolerant']"
5391,brownu95,2021-09-10 08:08:49,plgr3w,10,/r/lactoseintolerant/comments/plgr3w/if_lactose_intolerant_is_so_common_then_why_is/,1,If Lactose intolerant is so common then why is dairy such a common food item.,"Dairy is everywhere in our food from sauces, to creams, baked goods, ice cream, and even lactose is used as filler material for pills. I’m confused if the majority of the world is supposedly have some degree of lactose intolerant then how is dairy even common in countries that have lactose intolerant like Mongolia and parts of Asia. I’m Vietnamese and lactose intolerant yet condensed milk is popular condiment for coffee in Vietnam. I know some people develop gene to digest dairy like Northern European and some Africans but that doesn’t represent most of the population of the world.",lactoseintolerant,"['dairy', 'everywhere', 'food', 'sauce', 'cream', 'baked', 'good', 'cream', 'even', 'lactose', 'used', 'filler', 'material', 'pill', 'confused', 'majority', 'world', 'supposedly', 'degree', 'lactose', 'intolerant', 'dairy', 'even', 'common', 'country', 'lactose', 'intolerant', 'like', 'mongolia', 'part', 'asia', 'vietnamese', 'lactose', 'intolerant', 'condensed', 'milk', 'popular', 'condiment', 'coffee', 'vietnam', 'know', 'people', 'develop', 'gene', 'digest', 'dairy', 'like', 'northern', 'european', 'african', 'represent', 'population', 'world']","['lactose', 'intolerant', 'common', 'dairy', 'common', 'food', 'item']","['dairy', 'everywhere', 'food', 'sauce', 'cream', 'baked', 'good', 'cream', 'even', 'lactose', 'used', 'filler', 'material', 'pill', 'confused', 'majority', 'world', 'supposedly', 'degree', 'lactose_intolerant', 'dairy', 'even', 'common', 'country', 'lactose_intolerant', 'like', 'mongolia', 'part', 'asia', 'vietnamese', 'lactose_intolerant', 'condensed', 'milk', 'popular', 'condiment', 'coffee', 'vietnam', 'know', 'people', 'develop', 'gene', 'digest', 'dairy', 'like', 'northern', 'european', 'african', 'represent', 'population', 'world']","['lactose_intolerant', 'common', 'dairy', 'common', 'food', 'item']"
6019,innocuous-squid,2021-04-19 14:57:20,mu2etv,8,/r/lactoseintolerant/comments/mu2etv/am_i_lactose_intolerant_or_is_it_something_else/,1,Am I lactose intolerant or is it something else?,"Hello! I'm new to this subreddit so I'm not sure if this kind of post is usually allowed, but I have just been having so many stomach troubles lately and I want to get to the bottom of it. 

I am half Asian (mom's Korean) so I likely have some level of dairy intolerance. When I was in college I was vegan for a while and didn't have that many stomach troubles other than some occasional acid reflux and bloating (my dad also has occasional acid reflux, so this is all just my bad stomach genes at play). Now I am really just vegetarian but have had an increase in frequency of stomach pains. In the mornings, I notice I can have butter on toast and yogurt with granola and feel just fine, but in the evenings after dinner I am usually super bloated and have sharp stomach pains. This may be linked to cooking with butter or having meals with more dairy in them, but I am not 100% certain because I also get heartburn and acid reflux from having highly acidic foods (my grandma's Korean food) without any dairy in them. I don't drink any real milk, but I have tried lactose ""free"" milk with lactase in it and after having it 3 days in a row, I was very nauseous and have steered clear of that since. 

I just am confused as to why in the mornings it seems that I can have dairy products just fine but after dinner it's a whole different story. Is there such a thing as a sort of ""build-up"" effect with dairy intolerance? Does this just sound like lactose intolerance or could it be milk protein intolerance? If it seems like I can enjoy some dairy products, should I continue to eat them (I love cheese so much rip) or should I be cutting dairy out of my diet entirely? Should I see a GI or is this something they can't really help me with? Any advice is helpful, thanks so much &lt;3",lactoseintolerant,"['hello', 'subreddit', 'sure', 'kind', 'post', 'usually', 'allowed', 'many', 'stomach', 'trouble', 'lately', 'want', 'bottom', 'half', 'asian', 'korean', 'likely', 'level', 'dairy', 'intolerance', 'college', 'vegan', 'many', 'stomach', 'trouble', 'occasional', 'acid', 'reflux', 'bloating', 'also', 'occasional', 'acid', 'reflux', 'stomach', 'gene', 'play', 'really', 'vegetarian', 'increase', 'frequency', 'stomach', 'pain', 'morning', 'notice', 'butter', 'toast', 'yogurt', 'granola', 'feel', 'fine', 'evening', 'dinner', 'usually', 'super', 'bloated', 'sharp', 'stomach', 'pain', 'linked', 'cooking', 'butter', 'meal', 'dairy', 'certain', 'also', 'heartburn', 'acid', 'reflux', 'highly', 'acidic', 'food', 'grandma', 'korean', 'food', 'without', 'dairy', 'drink', 'real', 'milk', 'tried', 'lactose', 'free', 'milk', 'lactase', 'nauseous', 'steered', 'clear', 'since', 'confused', 'morning', 'seems', 'dairy', 'product', 'fine', 'dinner', 'whole', 'different', 'story', 'thing', 'sort', 'build-up', 'effect', 'dairy', 'intolerance', 'sound', 'like', 'lactose', 'intolerance', 'could', 'milk', 'protein', 'intolerance', 'seems', 'like', 'enjoy', 'dairy', 'product', 'continue', 'love', 'cheese', 'much', 'cutting', 'dairy', 'diet', 'entirely', 'something', 'really', 'help', 'advice', 'helpful', 'thanks', 'much']","['lactose', 'intolerant', 'something', 'else']","['hello', 'subreddit', 'sure', 'kind', 'post', 'usually', 'allowed', 'many', 'stomach', 'trouble', 'lately', 'want', 'bottom', 'half', 'asian', 'korean', 'likely', 'level', 'dairy', 'intolerance', 'college', 'vegan', 'many', 'stomach', 'trouble', 'occasional', 'acid', 'reflux', 'bloating', 'also', 'occasional', 'acid', 'reflux', 'stomach', 'gene', 'play', 'really', 'vegetarian', 'increase', 'frequency', 'stomach', 'pain', 'morning', 'notice', 'butter', 'toast', 'yogurt', 'granola', 'feel', 'fine', 'evening', 'dinner', 'usually', 'super', 'bloated', 'sharp', 'stomach', 'pain', 'linked', 'cooking', 'butter', 'meal', 'dairy', 'certain', 'also', 'heartburn', 'acid', 'reflux', 'highly', 'acidic', 'food', 'grandma', 'korean', 'food', 'without', 'dairy', 'drink', 'real', 'milk', 'tried', 'lactose', 'free', 'milk', 'lactase', 'nauseous', 'steered', 'clear', 'since', 'confused', 'morning', 'seems', 'dairy_product', 'fine', 'dinner', 'whole', 'different', 'story', 'thing', 'sort', 'build-up', 'effect', 'dairy', 'intolerance', 'sound_like', 'lactose_intolerance', 'could', 'milk', 'protein', 'intolerance', 'seems', 'like', 'enjoy', 'dairy_product', 'continue', 'love', 'cheese', 'much', 'cutting', 'dairy', 'diet', 'entirely', 'something', 'really', 'help', 'advice', 'helpful', 'thanks', 'much']","['lactose_intolerant', 'something_else']"
6995,DisastrousOcelot1,2020-07-01 11:29:03,hj8frd,27,/r/lactoseintolerant/comments/hj8frd/butter/,1,Butter?,"I found out through 23 and me I am lactose intolerant....I have the genes for it...so I cut it out and bam I started to feel better. I have been experimenting with eating butter and low and behold I have horrible pain throughout my digestive system. Is this a sign of something deeper or could it be the butter? I hear butter has minimal lactose....any help appreciated...

What does everyone else symptoms manifest as? Pain? Pain in the lower left area of intestines?",lactoseintolerant,"['found', 'lactose', 'intolerant', '....', 'gene', 'started', 'feel', 'better', 'experimenting', 'eating', 'butter', 'behold', 'horrible', 'pain', 'throughout', 'digestive', 'system', 'sign', 'something', 'deeper', 'could', 'butter', 'hear', 'butter', 'minimal', 'lactose', '....', 'help', 'appreciated', 'everyone', 'else', 'symptom', 'manifest', 'pain', 'pain', 'lower', 'left', 'area', 'intestine']",['butter'],"['found', 'lactose_intolerant', '....', 'gene', 'started', 'feel_better', 'experimenting', 'eating', 'butter', 'behold', 'horrible', 'pain', 'throughout', 'digestive', 'system', 'sign', 'something', 'deeper', 'could', 'butter', 'hear', 'butter', 'minimal', 'lactose', '....', 'help_appreciated', 'everyone_else', 'symptom', 'manifest', 'pain', 'pain', 'lower', 'left', 'area', 'intestine']",['butter']
7736,pumpkin2500,2019-09-07 04:39:32,d0rorx,2,/r/lactoseintolerant/comments/d0rorx/is_it_possible_for_li_to_just_reverse/,1,is it possible for LI to just reverse?,"ive been wondering about this. i know you can suddenly become LI, but what if the gene just started up again and you could make lactase? has that ever happened?",lactoseintolerant,"['wondering', 'know', 'suddenly', 'become', 'gene', 'started', 'could', 'make', 'lactase', 'ever', 'happened']","['possible', 'reverse']","['wondering', 'know', 'suddenly_become', 'gene', 'started', 'could', 'make', 'lactase', 'ever', 'happened']","['possible', 'reverse']"
7897,usualproof,2019-07-05 10:48:32,c9ekk5,1,/r/lactoseintolerant/comments/c9ekk5/scientific_research_on_lac_intolerance/,0,Scientific research on lac intolerance,"So... starting with my story, I went to the doctor a few weeks back because I was having some pain in my belly and feeling really bloated. I have lactose intolerance (I have even done the genetic test for the non-persistence gene), but it's usually mild. I never have gone full diarrhea, and I event get constipated most of the time (which I don't know if it can be a symptom of lac intolerance?

  

So the doctor just recommended I cut every dairy from my life for a month, but I wasn't really satisfied, cause I've been eating dairy normally (the only things I don't put in my diet is milk and condensed milk, those are really bad for me). 

  

My real problem is: I didn't really liked my doctor's explanations for what was happening in my intestine, so I went to look for medical resoures on lactose intolerance and on the effects of dairy on our body. I found some interesting articles on the amounts of lactose in food, and on our abillity to digest yogurt, but I'm not really good on searching this kind of thing, and I wanted to know if anyone knows about some resources where I can find articles and other scientific informations about our problem.",lactoseintolerant,"['starting', 'story', 'went', 'doctor', 'week', 'back', 'pain', 'belly', 'feeling', 'really', 'bloated', 'lactose', 'intolerance', 'even', 'done', 'genetic', 'test', 'non-persistence', 'gene', 'usually', 'mild', 'never', 'gone', 'full', 'diarrhea', 'event', 'constipated', 'time', 'know', 'symptom', 'intolerance', 'doctor', 'recommended', 'every', 'dairy', 'life', 'month', 'really', 'satisfied', 'cause', 'eating', 'dairy', 'normally', 'thing', 'diet', 'milk', 'condensed', 'milk', 'really', 'real', 'problem', 'really', 'liked', 'doctor', 'explanation', 'happening', 'intestine', 'went', 'look', 'medical', 'resoures', 'lactose', 'intolerance', 'effect', 'dairy', 'body', 'found', 'interesting', 'article', 'amount', 'lactose', 'food', 'abillity', 'digest', 'yogurt', 'really', 'good', 'searching', 'kind', 'thing', 'wanted', 'know', 'anyone', 'know', 'resource', 'find', 'article', 'scientific', 'information', 'problem']","['scientific', 'research', 'intolerance']","['starting', 'story', 'went', 'doctor', 'week', 'back', 'pain', 'belly', 'feeling', 'really', 'bloated', 'lactose_intolerance', 'even', 'done', 'genetic', 'test', 'non-persistence', 'gene', 'usually', 'mild', 'never', 'gone', 'full', 'diarrhea', 'event', 'constipated', 'time', 'know', 'symptom', 'intolerance', 'doctor', 'recommended', 'every', 'dairy', 'life', 'month', 'really', 'satisfied', 'cause', 'eating', 'dairy', 'normally', 'thing', 'diet', 'milk', 'condensed', 'milk', 'really', 'real', 'problem', 'really', 'liked', 'doctor', 'explanation', 'happening', 'intestine', 'went', 'look', 'medical', 'resoures', 'lactose_intolerance', 'effect', 'dairy', 'body', 'found', 'interesting', 'article', 'amount', 'lactose', 'food', 'abillity', 'digest', 'yogurt', 'really', 'good', 'searching', 'kind', 'thing', 'wanted', 'know', 'anyone', 'know', 'resource', 'find', 'article', 'scientific', 'information', 'problem']","['scientific_research', 'intolerance']"
8308,ExtraDan,2018-11-29 00:34:18,a1c83y,14,/r/lactoseintolerant/comments/a1c83y/help_the_lct_gene_to_reproduce_lactase_enzymes/,1,Help the LCT gene to reproduce lactase enzymes,"Hey! This must be a silly question or even a fantasy, but I think it might still be worth the shot to ask, but have scientists discover a way to train, teach or instruct your body to reproduce lactase enzymes?
I am an adult who has progressively become lactose intolerant due the decrease of my lactase production efficiency, and I just ordered my first lactase enzymes to combat with digesting lactose! Wooo!

But the reason I started doing it was because I thought that enzymes are bacteria and I was hoping to help my body repopulate in bacteria that break down milk sugars. 

Later on after some research, I realized that enzymes aren't bacteria, and are things that are created by the gene cells in the walls of your smaller intestine!

I can't find any research beyond that and I have been meaning to ask from you all who have been battling lactose intolerance and been cycling through doctors and such, have there been some kind of a scientific breakthrough in which doctors found a way to help your small intestine be more efficient when it comes to darting out enzhymes that break down lactose? 

I have been curios about it and if such a treatment exists, which most likely just in my head, I would fear to live in the dark not knowing I could battle my adapted lactose intolerance if I had the choice to bring my lactase production to normal! 

Thank you! 

",lactoseintolerant,"['must', 'silly', 'question', 'even', 'fantasy', 'think', 'might', 'still', 'worth', 'shot', 'scientist', 'discover', 'train', 'teach', 'instruct', 'body', 'reproduce', 'lactase', 'enzyme', 'adult', 'progressively', 'become', 'lactose', 'intolerant', 'decrease', 'lactase', 'production', 'efficiency', 'ordered', 'first', 'lactase', 'enzyme', 'combat', 'digesting', 'lactose', 'wooo', 'reason', 'started', 'thought', 'enzyme', 'bacteria', 'hoping', 'help', 'body', 'repopulate', 'bacteria', 'break', 'milk', 'sugar', 'later', 'research', 'realized', 'enzyme', 'bacteria', 'thing', 'created', 'gene', 'cell', 'wall', 'smaller', 'intestine', 'find', 'research', 'beyond', 'meaning', 'battling', 'lactose', 'intolerance', 'cycling', 'doctor', 'kind', 'scientific', 'breakthrough', 'doctor', 'found', 'help', 'small', 'intestine', 'efficient', 'come', 'darting', 'enzhymes', 'break', 'lactose', 'curio', 'treatment', 'exists', 'likely', 'head', 'would', 'fear', 'live', 'dark', 'knowing', 'could', 'battle', 'adapted', 'lactose', 'intolerance', 'choice', 'bring', 'lactase', 'production', 'normal', 'thank']","['help', 'gene', 'reproduce', 'lactase', 'enzyme']","['must', 'silly_question', 'even', 'fantasy', 'think', 'might', 'still', 'worth_shot', 'scientist_discover', 'train', 'teach', 'instruct', 'body', 'reproduce', 'lactase', 'enzyme', 'adult', 'progressively', 'become', 'lactose_intolerant', 'decrease', 'lactase', 'production', 'efficiency', 'ordered', 'first', 'lactase', 'enzyme', 'combat', 'digesting', 'lactose', 'wooo', 'reason', 'started', 'thought', 'enzyme', 'bacteria', 'hoping', 'help', 'body', 'repopulate', 'bacteria', 'break', 'milk', 'sugar', 'later', 'research', 'realized', 'enzyme', 'bacteria', 'thing', 'created', 'gene', 'cell', 'wall', 'smaller', 'intestine', 'find', 'research', 'beyond', 'meaning', 'battling', 'lactose_intolerance', 'cycling', 'doctor', 'kind', 'scientific_breakthrough', 'doctor', 'found', 'help', 'small', 'intestine', 'efficient', 'come', 'darting', 'enzhymes', 'break', 'lactose', 'curio', 'treatment', 'exists', 'likely', 'head', 'would', 'fear', 'live', 'dark', 'knowing', 'could', 'battle', 'adapted', 'lactose_intolerance', 'choice', 'bring', 'lactase', 'production', 'normal', 'thank']","['help', 'gene', 'reproduce', 'lactase', 'enzyme']"
