,author,created_utc,body,id,parent_id,permalink,score,subreddit,body_clean,body_ngrams
6564,ErnestGoesToPoop,2022-04-02 13:31:25,Yeah I took it just immediately beforeâ€¦but maybe I didnâ€™t take it early enough? Maybe the mozz won the race down to the gut,i33tth6,t1_i32kewc,/r/lactoseintolerant/comments/tu3ghw/anyone_have_a_negative_reaction_to_lactojoy/i33tth6/,1,lactoseintolerant,"['yeah', 'took', 'immediately', 'beforeâ€¦but', 'maybe', 'take', 'early', 'enough', 'maybe', 'mozz', 'race']","['yeah', 'took', 'immediately', 'beforeâ€¦but', 'maybe', 'take', 'early', 'enough', 'maybe', 'mozz', 'race']"
17901,ErnestGoesToPoop,2022-04-02 13:31:25,Yeah I took it just immediately beforeâ€¦but maybe I didnâ€™t take it early enough? Maybe the mozz won the race down to the gut,i33tth6,t1_i32kewc,/r/lactoseintolerant/comments/tu3ghw/anyone_have_a_negative_reaction_to_lactojoy/i33tth6/,1,lactoseintolerant,"['yeah', 'took', 'immediately', 'beforeâ€¦but', 'maybe', 'take', 'early', 'enough', 'maybe', 'mozz', 'race']","['yeah', 'took', 'immediately', 'beforeâ€¦but', 'maybe', 'take', 'early', 'enough', 'maybe', 'mozz', 'race']"
23026,americanpower01,2021-10-11 14:29:46,"Unfortunately it's a very race medicine and it does contains lactose. I am doomed that way.
Taking 4 daily will be a little too expensive, but it's an overkill anyway isn't it? I don't really need that much lactase since I am not even eating any dairy, one pill of lactase is for huge dairy milk, which has about 20G of lactose..!
Mine Medicine contains only 40 MG ( less than one drop of milk) of lactose lol. 

This is why it makes no sense to take the full pill, I can instead devide it into 4 equal parts and consume right before taking my med?",hg8d2yk,t1_hg8btzb,/r/lactoseintolerant/comments/q5w0z0/can_you_put_lactase_drop_into_water/hg8d2yk/,1,lactoseintolerant,"['unfortunately', 'race', 'medicine', 'contains', 'lactose', 'doomed', 'taking', 'daily', 'little', 'expensive', 'overkill', 'anyway', 'really', 'need', 'much', 'lactase', 'since', 'even', 'eating', 'dairy', 'pill', 'lactase', 'huge', 'dairy', 'milk', 'lactose', 'mine', 'medicine', 'contains', 'drop', 'milk', 'lactose', 'make', 'sense', 'take', 'full', 'pill', 'instead', 'devide', 'equal', 'part', 'consume', 'right', 'taking']","['unfortunately', 'race', 'medicine', 'contains', 'lactose', 'doomed', 'taking', 'daily', 'little', 'expensive', 'overkill', 'anyway', 'really', 'need', 'much', 'lactase', 'since', 'even', 'eating', 'dairy', 'pill', 'lactase', 'huge', 'dairy', 'milk', 'lactose', 'mine', 'medicine', 'contains', 'drop', 'milk', 'lactose', 'make_sense', 'take', 'full', 'pill', 'instead', 'devide', 'equal', 'part', 'consume', 'right', 'taking']"
25030,Calyps0Baby,2021-08-08 13:55:01,"I have had symptoms like that before too and Iâ€™m curious if anyone with more experience says anything. Iâ€™m very new and still testing to see if Iâ€™m lactose intolerant so take MY OPINION with a grain of salt. But I think itâ€™s related to the vagus nerve and is simply another lactose intolerant symptom. The vagus nerve runs from your brain stem through your whole torso and impacts all the organs along the way, especially impacting digestion. So if youâ€™re lactose intolerant and stressing your intestines with dairy, it makes sense that your vagus nerve would be working extra hard and that would then cause your heart to race. My husband went to the Er last year with racing heart and was diagnosed with vagal mediated afib. So itâ€™s a legit thing. Not well known or often diagnosed, still very new information, but it is medically validated. It should pass after the food has been digested but try to stay calm because, as you know, anxiety is going to make your heart race too so that will just make your more uncountable. (Again, Iâ€™m not a doctor so if youâ€™re concerned, go get checked)",h863z9g,t3_p0bpe8,/r/lactoseintolerant/comments/p0bpe8/can_chocolate_milk_cause_fast_heart_rate_and/h863z9g/,2,lactoseintolerant,"['symptom', 'like', 'curious', 'anyone', 'experience', 'anything', 'still', 'testing', 'lactose', 'intolerant', 'take', 'opinion', 'grain', 'salt', 'think', 'related', 'vagus', 'nerve', 'simply', 'another', 'lactose', 'intolerant', 'symptom', 'vagus', 'nerve', 'brain', 'stem', 'whole', 'torso', 'impact', 'organ', 'along', 'especially', 'impacting', 'digestion', 'lactose', 'intolerant', 'stressing', 'intestine', 'dairy', 'make', 'sense', 'vagus', 'nerve', 'would', 'working', 'extra', 'hard', 'would', 'cause', 'heart', 'race', 'husband', 'went', 'last', 'year', 'racing', 'heart', 'diagnosed', 'vagal', 'mediated', 'afib', 'legit', 'thing', 'well', 'known', 'often', 'diagnosed', 'still', 'information', 'medically', 'validated', 'food', 'digested', 'stay', 'calm', 'know', 'anxiety', 'going', 'make', 'heart', 'race', 'make', 'uncountable', 'doctor', 'concerned', 'checked']","['symptom', 'like', 'curious', 'anyone', 'experience', 'anything', 'still', 'testing', 'lactose_intolerant', 'take', 'opinion', 'grain_salt', 'think', 'related', 'vagus', 'nerve', 'simply', 'another', 'lactose_intolerant', 'symptom', 'vagus', 'nerve', 'brain', 'stem', 'whole', 'torso', 'impact', 'organ', 'along', 'especially', 'impacting', 'digestion', 'lactose_intolerant', 'stressing', 'intestine', 'dairy', 'make_sense', 'vagus', 'nerve', 'would', 'working', 'extra', 'hard', 'would', 'cause', 'heart', 'race', 'husband', 'went', 'last_year', 'racing', 'heart', 'diagnosed', 'vagal', 'mediated', 'afib', 'legit', 'thing', 'well', 'known', 'often', 'diagnosed', 'still', 'information', 'medically', 'validated', 'food', 'digested', 'stay_calm', 'know', 'anxiety', 'going', 'make', 'heart', 'race', 'make', 'uncountable', 'doctor', 'concerned', 'checked']"
36426,StephP17,2020-07-19 14:48:34,"Iâ€™m a white 30 year young female who is LI! From what I read, they are saying that race has something to do with it which I completely have to disagree. I also have been LI since as young as I can remember! My husband is also LI so I donâ€™t think gender has anything to do with it either. ðŸ˜€",fyk8z3z,t3_ho73v8,/r/lactoseintolerant/comments/ho73v8/is_lactose_intolerance_more_common_in_women/fyk8z3z/,1,lactoseintolerant,"['white', 'year', 'young', 'female', 'read', 'saying', 'race', 'something', 'completely', 'disagree', 'also', 'since', 'young', 'remember', 'husband', 'also', 'think', 'gender', 'anything', 'either']","['white', 'year', 'young', 'female', 'read', 'saying', 'race', 'something', 'completely_disagree', 'also', 'since', 'young', 'remember', 'husband', 'also', 'think', 'gender', 'anything', 'either']"
36621,sarisaberry,2020-07-09 19:11:08,"This is the first thing google shows:

[Gender, Age, Race and Lactose Intolerance: Is There Evidence to Support a Differential Symptom Response? A Scoping Review](https://www.ncbi.nlm.nih.gov/pmc/articles/PMC6316196/)

It seems to be a meta-analysis. The abstract concludes:

&gt;The evidence suggests that women, the elderly or specific racial groups are not more susceptible to LI, but rather dose, body size and genetic differences in lactase non-persistence (LNP) are the primary drivers of intolerance symptoms.

I think until extensive research is done across different age groups, ethnicities, geographic location, genders, and histories of lactose consumption, all we can provide you with is anecdotal data... Unless your search for research and statistics is more fruitful than mine. :)

Your question would actually be a good hypothesis for research. X'D",fxgaxt6,t3_ho73v8,/r/lactoseintolerant/comments/ho73v8/is_lactose_intolerance_more_common_in_women/fxgaxt6/,2,lactoseintolerant,"['first', 'thing', 'google', 'show', 'gender', 'race', 'lactose', 'intolerance', 'evidence', 'support', 'differential', 'symptom', 'response', 'scoping', 'review', 'http', '//www.ncbi.nlm.nih.gov/pmc/articles/pmc6316196/', 'seems', 'meta-analysis', 'abstract', 'concludes', 'evidence', 'suggests', 'woman', 'elderly', 'specific', 'racial', 'group', 'susceptible', 'rather', 'dose', 'body', 'size', 'genetic', 'difference', 'lactase', 'non-persistence', 'primary', 'driver', 'intolerance', 'symptom', 'think', 'extensive', 'research', 'done', 'across', 'different', 'group', 'ethnicity', 'geographic', 'location', 'gender', 'history', 'lactose', 'consumption', 'provide', 'anecdotal', 'data', 'unless', 'search', 'research', 'statistic', 'fruitful', 'mine', 'question', 'would', 'actually', 'good', 'hypothesis', 'research']","['first', 'thing', 'google', 'show', 'gender', 'race', 'lactose_intolerance', 'evidence_support', 'differential', 'symptom', 'response', 'scoping', 'review', 'http', '//www.ncbi.nlm.nih.gov/pmc/articles/pmc6316196/', 'seems', 'meta-analysis', 'abstract', 'concludes', 'evidence_suggests', 'woman', 'elderly', 'specific', 'racial_group', 'susceptible', 'rather', 'dose', 'body', 'size', 'genetic_difference', 'lactase', 'non-persistence', 'primary', 'driver', 'intolerance', 'symptom', 'think', 'extensive_research', 'done', 'across', 'different', 'group', 'ethnicity', 'geographic_location', 'gender', 'history', 'lactose', 'consumption', 'provide', 'anecdotal', 'data', 'unless', 'search', 'research', 'statistic', 'fruitful', 'mine', 'question', 'would', 'actually', 'good', 'hypothesis', 'research']"
43975,formerfatboys,2019-08-24 21:24:59,"How old are you and what race?

I can tell you mine seemed to come on suddenly.  White guy. Around 33. It took me months to figure out all the shit I was eating that had surprise dairy. It's 3 years later and I still randomly get burned.",ey0qeyt,t1_ey0fi0b,/r/lactoseintolerant/comments/cuuzpd/has_anyone_here_dealt_with_secondary_lactose/ey0qeyt/,1,lactoseintolerant,"['race', 'tell', 'mine', 'seemed', 'come', 'suddenly', 'white', 'around', 'took', 'month', 'figure', 'shit', 'eating', 'surprise', 'dairy', 'year', 'later', 'still', 'randomly', 'burned']","['race', 'tell', 'mine', 'seemed', 'come', 'suddenly', 'white', 'around', 'took_month', 'figure', 'shit', 'eating', 'surprise', 'dairy', 'year_later', 'still', 'randomly', 'burned']"
46610,michiru82,2019-04-05 07:27:56,"Sorry, walking to work just now so can't look up links, but ""runners belly"" is a thing. It's something to do with the change in blood flow to different parts of your body when you run. A lot of runners get it so bad that they can't run without taking imodium first. Could be the combo of that with LI is what's making you feel like death. 

I learned to avoid dairy completely the day before a race or I'll have terrible cramps through the whole thing.",ek5ueu8,t3_b9l351,/r/lactoseintolerant/comments/b9l351/worse_symptoms_after_exercise/ek5ueu8/,1,lactoseintolerant,"['sorry', 'walking', 'work', 'look', 'link', 'runner', 'belly', 'thing', 'something', 'change', 'blood', 'flow', 'different', 'part', 'body', 'runner', 'without', 'taking', 'imodium', 'first', 'could', 'combo', 'making', 'feel', 'like', 'death', 'learned', 'avoid', 'dairy', 'completely', 'race', 'terrible', 'cramp', 'whole', 'thing']","['sorry', 'walking', 'work', 'look', 'link', 'runner', 'belly', 'thing', 'something', 'change', 'blood', 'flow', 'different', 'part', 'body', 'runner', 'without', 'taking', 'imodium', 'first', 'could', 'combo', 'making', 'feel_like', 'death', 'learned', 'avoid', 'dairy', 'completely', 'race', 'terrible', 'cramp', 'whole', 'thing']"
46868,RedFormansRedAnus,2019-03-19 10:10:44,"Dude....donâ€™t eat any more dairy. Ever. This sounds like an allergy nor intolerance. This may sound weird to ask, but what is your race? The only race that has a percentage that tolerates dairy more than not is whites. If youâ€™re Native American or Asian you should definitely stop consuming entirely, as almost all of them cannot process dairy and should stay away ",eiv881x,t3_b2v36e,/r/lactoseintolerant/comments/b2v36e/help/eiv881x/,1,lactoseintolerant,"['dude', '....', 'dairy', 'ever', 'sound', 'like', 'allergy', 'intolerance', 'sound', 'weird', 'race', 'race', 'percentage', 'tolerates', 'dairy', 'white', 'native', 'american', 'asian', 'definitely', 'stop', 'consuming', 'entirely', 'almost', 'process', 'dairy', 'stay', 'away']","['dude', '....', 'dairy', 'ever', 'sound_like', 'allergy', 'intolerance', 'sound_weird', 'race', 'race', 'percentage', 'tolerates', 'dairy', 'white', 'native_american', 'asian', 'definitely', 'stop', 'consuming', 'entirely', 'almost', 'process', 'dairy', 'stay_away']"
50444,formerfatboys,2018-08-01 21:57:07,"There's plenty of great threads here that address this.

Take a few days or a week off dairy and see.

Then have a giant milk shake or Blizzard. If it starts up again, you know.

Every human gets this at some point to some degree. It varies by race and biology.

But surprises for me were all the random products that have milk. For instance, chicken noodle soups in canned soups at the grocery store from major brands, chips (Cheetos us a duh, but why do Sun Dried Tomato Sun Chips have milk?!), fake butter at movie theaters and in **every single brand** of microwave popcorn.

For ice cream...the current best option is Ben and Jerry's Dairy Free.

",e3ftwj0,t3_93pxqq,/r/lactoseintolerant/comments/93pxqq/husband_thinks_hes_developing_either_lactose/e3ftwj0/,6,lactoseintolerant,"['plenty', 'great', 'thread', 'address', 'take', 'week', 'dairy', 'giant', 'milk', 'shake', 'blizzard', 'start', 'know', 'every', 'human', 'point', 'degree', 'varies', 'race', 'biology', 'surprise', 'random', 'product', 'milk', 'instance', 'chicken', 'noodle', 'soup', 'canned', 'soup', 'grocery', 'store', 'major', 'brand', 'chip', 'cheetos', 'dried', 'tomato', 'chip', 'milk', 'fake', 'butter', 'movie', 'theater', 'every', 'single', 'brand', 'microwave', 'popcorn', 'cream', 'current', 'best', 'option', 'jerry', 'dairy', 'free']","['plenty', 'great', 'thread', 'address', 'take_week', 'dairy', 'giant', 'milk', 'shake', 'blizzard', 'start', 'know', 'every', 'human', 'point', 'degree', 'varies', 'race', 'biology', 'surprise', 'random', 'product', 'milk', 'instance', 'chicken', 'noodle', 'soup', 'canned', 'soup', 'grocery_store', 'major', 'brand', 'chip', 'cheetos', 'dried', 'tomato', 'chip', 'milk', 'fake', 'butter', 'movie', 'theater', 'every_single', 'brand', 'microwave', 'popcorn', 'cream', 'current', 'best_option', 'jerry', 'dairy', 'free']"
50776,John_Spartan86,2018-07-13 08:36:32,"Actually, the lactose intolerant community benefits from this vegan trend. Can you imagine not having the vegan option? It would only be worse.

As for milk being everywhere, yes, the western world has made milk a basic ingredient for everything. I don't wanna make a race discussion here, but white people are genetically more tolerant to dairy and they have been spreading this kind of dairy cuisine (and I'm white btw). It's just time that other cuisines take over and end this milk madness. ",e2b30y3,t3_8yczqs,/r/lactoseintolerant/comments/8yczqs/why_does_lactose_free_have_to_mean_vegan/e2b30y3/,2,lactoseintolerant,"['actually', 'lactose', 'intolerant', 'community', 'benefit', 'vegan', 'trend', 'imagine', 'vegan', 'option', 'would', 'worse', 'milk', 'everywhere', 'western', 'world', 'made', 'milk', 'basic', 'ingredient', 'everything', 'make', 'race', 'discussion', 'white', 'people', 'genetically', 'tolerant', 'dairy', 'spreading', 'kind', 'dairy', 'cuisine', 'white', 'time', 'cuisine', 'take', 'milk', 'madness']","['actually', 'lactose_intolerant', 'community', 'benefit', 'vegan', 'trend', 'imagine', 'vegan', 'option', 'would', 'worse', 'milk', 'everywhere', 'western', 'world', 'made', 'milk', 'basic', 'ingredient', 'everything', 'make', 'race', 'discussion', 'white', 'people', 'genetically', 'tolerant', 'dairy', 'spreading', 'kind', 'dairy', 'cuisine', 'white', 'time', 'cuisine', 'take', 'milk', 'madness']"
50973,letsgetmolecular,2018-06-30 19:05:04,"I think it's worth noting that it sometimes takes more than 1-2 tablets. I'd recommend avoiding a straight milkshake even with the pills but if you were going to drink one (especially the aforementioned 'huge ass' one), I'd probably take 6-8 pills, unless your lactose intolerance is very mild. It doesn't sound like OPs is very mild. 

The enzyme can only do so much, as it's really a race between how fast the enzyme from the tablet can cleave the lactose molecule vs. how fast the bacteria that want to eat the lactose can scavenge it. If you fill your stomach up with a huge milkshake, it's likely the bacteria will have access to a decent amount of lactose even with the enzyme. My gastroenterologist recommended 3 pills before and 3 after a big portion of lactose. Also, in my anecdotal opinion, the chewable tablets are better, which makes sense because the enzyme can be rapidly dispersed as opposed to being slowly dissolved off the surface of a hard pill. I find the increase in price of the chewables pays for itself as I have to take even more of the solid pills.",e1kd9nd,t1_e1jfkws,/r/lactoseintolerant/comments/8uz8vo/drank_an_huge_ass_milkshake_puked/e1kd9nd/,1,lactoseintolerant,"['think', 'worth', 'noting', 'sometimes', 'take', 'tablet', 'recommend', 'avoiding', 'straight', 'milkshake', 'even', 'pill', 'going', 'drink', 'especially', 'aforementioned', ""'huge"", 'probably', 'take', 'pill', 'unless', 'lactose', 'intolerance', 'mild', 'sound', 'like', 'mild', 'enzyme', 'much', 'really', 'race', 'fast', 'enzyme', 'tablet', 'cleave', 'lactose', 'molecule', 'fast', 'bacteria', 'want', 'lactose', 'scavenge', 'fill', 'stomach', 'huge', 'milkshake', 'likely', 'bacteria', 'access', 'decent', 'amount', 'lactose', 'even', 'enzyme', 'gastroenterologist', 'recommended', 'pill', 'portion', 'lactose', 'also', 'anecdotal', 'opinion', 'chewable', 'tablet', 'better', 'make', 'sense', 'enzyme', 'rapidly', 'dispersed', 'opposed', 'slowly', 'dissolved', 'surface', 'hard', 'pill', 'find', 'increase', 'price', 'chewables', 'take', 'even', 'solid', 'pill']","['think', 'worth_noting', 'sometimes', 'take', 'tablet', 'recommend', 'avoiding', 'straight', 'milkshake', 'even', 'pill', 'going', 'drink', 'especially', 'aforementioned', ""'huge"", 'probably', 'take', 'pill', 'unless', 'lactose_intolerance', 'mild', 'sound_like', 'mild', 'enzyme', 'much', 'really', 'race', 'fast', 'enzyme', 'tablet', 'cleave', 'lactose', 'molecule', 'fast', 'bacteria', 'want', 'lactose', 'scavenge', 'fill', 'stomach', 'huge', 'milkshake', 'likely', 'bacteria', 'access', 'decent_amount', 'lactose', 'even', 'enzyme', 'gastroenterologist', 'recommended', 'pill', 'portion', 'lactose', 'also', 'anecdotal', 'opinion', 'chewable', 'tablet', 'better', 'make_sense', 'enzyme', 'rapidly', 'dispersed', 'opposed', 'slowly', 'dissolved', 'surface', 'hard_pill', 'find', 'increase', 'price', 'chewables', 'take', 'even', 'solid', 'pill']"
51995,OmgItsVeronica,2018-01-30 13:12:09,"Happens to all races but has a tendency to affect other ethnicities at a higher rate. Unfortunately for OP, Asian ancestry is one of those. ",dtgn8pq,t1_dn0thki,/r/lactoseintolerant/comments/704i1w/after_27_years_of_escaping_fate_i_am_now_lactose/dtgn8pq/,1,lactoseintolerant,"['happens', 'race', 'tendency', 'affect', 'ethnicity', 'higher', 'rate', 'unfortunately', 'asian', 'ancestry']","['happens', 'race', 'tendency', 'affect', 'ethnicity', 'higher_rate', 'unfortunately', 'asian', 'ancestry']"
52026,formerfatboys,2018-01-25 17:23:07,"Yeah, because Asians are extremely lactose intolerant. 

Different races handle lactose differently and Asians tend to lose their tolerance at a very young age. ",dt874bf,t3_7suagp,/r/lactoseintolerant/comments/7suagp/anyone_notice_that_asian_food_doesnt_have_much_or/dt874bf/,10,lactoseintolerant,"['yeah', 'asian', 'extremely', 'lactose', 'intolerant', 'different', 'race', 'handle', 'lactose', 'differently', 'asian', 'tend', 'lose', 'tolerance', 'young']","['yeah', 'asian', 'extremely', 'lactose_intolerant', 'different', 'race', 'handle', 'lactose', 'differently', 'asian', 'tend', 'lose', 'tolerance', 'young']"
